--
-- PostgreSQL database dump
--

-- Dumped from database version 15.1
-- Dumped by pg_dump version 15.1

SET statement_timeout = 0;
SET lock_timeout = 0;
SET idle_in_transaction_session_timeout = 0;
SET client_encoding = 'UTF8';
SET standard_conforming_strings = on;
SELECT pg_catalog.set_config('search_path', '', false);
SET check_function_bodies = false;
SET xmloption = content;
SET client_min_messages = warning;
SET row_security = off;

SET default_tablespace = '';

SET default_table_access_method = heap;

--
-- Name: attendance_attendance; Type: TABLE; Schema: public; Owner: postgres
--

CREATE TABLE public.attendance_attendance (
    id bigint NOT NULL,
    check_in time without time zone,
    check_out time without time zone,
    date_created date NOT NULL,
    employee_id bigint NOT NULL,
    status_id bigint
);


ALTER TABLE public.attendance_attendance OWNER TO postgres;

--
-- Name: attendance_attendance_id_seq; Type: SEQUENCE; Schema: public; Owner: postgres
--

ALTER TABLE public.attendance_attendance ALTER COLUMN id ADD GENERATED BY DEFAULT AS IDENTITY (
    SEQUENCE NAME public.attendance_attendance_id_seq
    START WITH 1
    INCREMENT BY 1
    NO MINVALUE
    NO MAXVALUE
    CACHE 1
);


--
-- Name: attendance_attendanceviolation; Type: TABLE; Schema: public; Owner: postgres
--

CREATE TABLE public.attendance_attendanceviolation (
    id bigint NOT NULL,
    late integer,
    check_out_early integer,
    absent integer,
    date_created date NOT NULL,
    employee_id bigint NOT NULL
);


ALTER TABLE public.attendance_attendanceviolation OWNER TO postgres;

--
-- Name: attendance_attendanceviolation_id_seq; Type: SEQUENCE; Schema: public; Owner: postgres
--

ALTER TABLE public.attendance_attendanceviolation ALTER COLUMN id ADD GENERATED BY DEFAULT AS IDENTITY (
    SEQUENCE NAME public.attendance_attendanceviolation_id_seq
    START WITH 1
    INCREMENT BY 1
    NO MINVALUE
    NO MAXVALUE
    CACHE 1
);


--
-- Name: auth_group; Type: TABLE; Schema: public; Owner: postgres
--

CREATE TABLE public.auth_group (
    id integer NOT NULL,
    name character varying(150) NOT NULL
);


ALTER TABLE public.auth_group OWNER TO postgres;

--
-- Name: auth_group_id_seq; Type: SEQUENCE; Schema: public; Owner: postgres
--

ALTER TABLE public.auth_group ALTER COLUMN id ADD GENERATED BY DEFAULT AS IDENTITY (
    SEQUENCE NAME public.auth_group_id_seq
    START WITH 1
    INCREMENT BY 1
    NO MINVALUE
    NO MAXVALUE
    CACHE 1
);


--
-- Name: auth_group_permissions; Type: TABLE; Schema: public; Owner: postgres
--

CREATE TABLE public.auth_group_permissions (
    id bigint NOT NULL,
    group_id integer NOT NULL,
    permission_id integer NOT NULL
);


ALTER TABLE public.auth_group_permissions OWNER TO postgres;

--
-- Name: auth_group_permissions_id_seq; Type: SEQUENCE; Schema: public; Owner: postgres
--

ALTER TABLE public.auth_group_permissions ALTER COLUMN id ADD GENERATED BY DEFAULT AS IDENTITY (
    SEQUENCE NAME public.auth_group_permissions_id_seq
    START WITH 1
    INCREMENT BY 1
    NO MINVALUE
    NO MAXVALUE
    CACHE 1
);


--
-- Name: auth_permission; Type: TABLE; Schema: public; Owner: postgres
--

CREATE TABLE public.auth_permission (
    id integer NOT NULL,
    name character varying(255) NOT NULL,
    content_type_id integer NOT NULL,
    codename character varying(100) NOT NULL
);


ALTER TABLE public.auth_permission OWNER TO postgres;

--
-- Name: auth_permission_id_seq; Type: SEQUENCE; Schema: public; Owner: postgres
--

ALTER TABLE public.auth_permission ALTER COLUMN id ADD GENERATED BY DEFAULT AS IDENTITY (
    SEQUENCE NAME public.auth_permission_id_seq
    START WITH 1
    INCREMENT BY 1
    NO MINVALUE
    NO MAXVALUE
    CACHE 1
);


--
-- Name: django_admin_log; Type: TABLE; Schema: public; Owner: postgres
--

CREATE TABLE public.django_admin_log (
    id integer NOT NULL,
    action_time timestamp with time zone NOT NULL,
    object_id text,
    object_repr character varying(200) NOT NULL,
    action_flag smallint NOT NULL,
    change_message text NOT NULL,
    content_type_id integer,
    user_id bigint NOT NULL,
    CONSTRAINT django_admin_log_action_flag_check CHECK ((action_flag >= 0))
);


ALTER TABLE public.django_admin_log OWNER TO postgres;

--
-- Name: django_admin_log_id_seq; Type: SEQUENCE; Schema: public; Owner: postgres
--

ALTER TABLE public.django_admin_log ALTER COLUMN id ADD GENERATED BY DEFAULT AS IDENTITY (
    SEQUENCE NAME public.django_admin_log_id_seq
    START WITH 1
    INCREMENT BY 1
    NO MINVALUE
    NO MAXVALUE
    CACHE 1
);


--
-- Name: django_content_type; Type: TABLE; Schema: public; Owner: postgres
--

CREATE TABLE public.django_content_type (
    id integer NOT NULL,
    app_label character varying(100) NOT NULL,
    model character varying(100) NOT NULL
);


ALTER TABLE public.django_content_type OWNER TO postgres;

--
-- Name: django_content_type_id_seq; Type: SEQUENCE; Schema: public; Owner: postgres
--

ALTER TABLE public.django_content_type ALTER COLUMN id ADD GENERATED BY DEFAULT AS IDENTITY (
    SEQUENCE NAME public.django_content_type_id_seq
    START WITH 1
    INCREMENT BY 1
    NO MINVALUE
    NO MAXVALUE
    CACHE 1
);


--
-- Name: django_migrations; Type: TABLE; Schema: public; Owner: postgres
--

CREATE TABLE public.django_migrations (
    id bigint NOT NULL,
    app character varying(255) NOT NULL,
    name character varying(255) NOT NULL,
    applied timestamp with time zone NOT NULL
);


ALTER TABLE public.django_migrations OWNER TO postgres;

--
-- Name: django_migrations_id_seq; Type: SEQUENCE; Schema: public; Owner: postgres
--

ALTER TABLE public.django_migrations ALTER COLUMN id ADD GENERATED BY DEFAULT AS IDENTITY (
    SEQUENCE NAME public.django_migrations_id_seq
    START WITH 1
    INCREMENT BY 1
    NO MINVALUE
    NO MAXVALUE
    CACHE 1
);


--
-- Name: django_session; Type: TABLE; Schema: public; Owner: postgres
--

CREATE TABLE public.django_session (
    session_key character varying(40) NOT NULL,
    session_data text NOT NULL,
    expire_date timestamp with time zone NOT NULL
);


ALTER TABLE public.django_session OWNER TO postgres;

--
-- Name: employees_contactinformation; Type: TABLE; Schema: public; Owner: postgres
--

CREATE TABLE public.employees_contactinformation (
    id bigint NOT NULL,
    contact_no character varying(20),
    second_contact_no character varying(20),
    social_media_account character varying(50),
    employee_id bigint NOT NULL
);


ALTER TABLE public.employees_contactinformation OWNER TO postgres;

--
-- Name: employees_contactinformation_id_seq; Type: SEQUENCE; Schema: public; Owner: postgres
--

ALTER TABLE public.employees_contactinformation ALTER COLUMN id ADD GENERATED BY DEFAULT AS IDENTITY (
    SEQUENCE NAME public.employees_contactinformation_id_seq
    START WITH 1
    INCREMENT BY 1
    NO MINVALUE
    NO MAXVALUE
    CACHE 1
);


--
-- Name: employees_customusers; Type: TABLE; Schema: public; Owner: postgres
--

CREATE TABLE public.employees_customusers (
    id bigint NOT NULL,
    password character varying(128) NOT NULL,
    is_superuser boolean NOT NULL,
    email character varying(254) NOT NULL,
    first_name character varying(100) NOT NULL,
    middle_name character varying(50),
    last_name character varying(50) NOT NULL,
    gender character varying(10),
    address character varying(50),
    date_joined timestamp with time zone NOT NULL,
    last_login timestamp with time zone NOT NULL,
    is_active boolean NOT NULL,
    is_staff boolean NOT NULL,
    birth_date date,
    citizenship_status character varying(30),
    marital_status character varying(25),
    address_city character varying(50),
    province character varying(50),
    second_address character varying(50),
    profile_image character varying(100) NOT NULL
);


ALTER TABLE public.employees_customusers OWNER TO postgres;

--
-- Name: employees_customusers_groups; Type: TABLE; Schema: public; Owner: postgres
--

CREATE TABLE public.employees_customusers_groups (
    id bigint NOT NULL,
    customusers_id bigint NOT NULL,
    group_id integer NOT NULL
);


ALTER TABLE public.employees_customusers_groups OWNER TO postgres;

--
-- Name: employees_customusers_groups_id_seq; Type: SEQUENCE; Schema: public; Owner: postgres
--

ALTER TABLE public.employees_customusers_groups ALTER COLUMN id ADD GENERATED BY DEFAULT AS IDENTITY (
    SEQUENCE NAME public.employees_customusers_groups_id_seq
    START WITH 1
    INCREMENT BY 1
    NO MINVALUE
    NO MAXVALUE
    CACHE 1
);


--
-- Name: employees_customusers_id_seq; Type: SEQUENCE; Schema: public; Owner: postgres
--

ALTER TABLE public.employees_customusers ALTER COLUMN id ADD GENERATED BY DEFAULT AS IDENTITY (
    SEQUENCE NAME public.employees_customusers_id_seq
    START WITH 1
    INCREMENT BY 1
    NO MINVALUE
    NO MAXVALUE
    CACHE 1
);


--
-- Name: employees_customusers_user_permissions; Type: TABLE; Schema: public; Owner: postgres
--

CREATE TABLE public.employees_customusers_user_permissions (
    id bigint NOT NULL,
    customusers_id bigint NOT NULL,
    permission_id integer NOT NULL
);


ALTER TABLE public.employees_customusers_user_permissions OWNER TO postgres;

--
-- Name: employees_customusers_user_permissions_id_seq; Type: SEQUENCE; Schema: public; Owner: postgres
--

ALTER TABLE public.employees_customusers_user_permissions ALTER COLUMN id ADD GENERATED BY DEFAULT AS IDENTITY (
    SEQUENCE NAME public.employees_customusers_user_permissions_id_seq
    START WITH 1
    INCREMENT BY 1
    NO MINVALUE
    NO MAXVALUE
    CACHE 1
);


--
-- Name: employees_educationalinformation; Type: TABLE; Schema: public; Owner: postgres
--

CREATE TABLE public.employees_educationalinformation (
    id bigint NOT NULL,
    university character varying(50),
    graduation_date date,
    diploma_soft_copy character varying(100),
    tor_soft_copy character varying(100),
    degree_certificate_soft_copy character varying(100),
    diploma_hard_copy character varying(10) NOT NULL,
    tor_hard_copy character varying(10) NOT NULL,
    degree_certificate_hard_copy character varying(10) NOT NULL,
    employee_id bigint NOT NULL
);


ALTER TABLE public.employees_educationalinformation OWNER TO postgres;

--
-- Name: employees_educationalinformation_id_seq; Type: SEQUENCE; Schema: public; Owner: postgres
--

ALTER TABLE public.employees_educationalinformation ALTER COLUMN id ADD GENERATED BY DEFAULT AS IDENTITY (
    SEQUENCE NAME public.employees_educationalinformation_id_seq
    START WITH 1
    INCREMENT BY 1
    NO MINVALUE
    NO MAXVALUE
    CACHE 1
);


--
-- Name: employees_employeeid; Type: TABLE; Schema: public; Owner: postgres
--

CREATE TABLE public.employees_employeeid (
    id bigint NOT NULL,
    company_id character varying(20),
    employees_id bigint NOT NULL
);


ALTER TABLE public.employees_employeeid OWNER TO postgres;

--
-- Name: employees_employeeid_id_seq; Type: SEQUENCE; Schema: public; Owner: postgres
--

ALTER TABLE public.employees_employeeid ALTER COLUMN id ADD GENERATED BY DEFAULT AS IDENTITY (
    SEQUENCE NAME public.employees_employeeid_id_seq
    START WITH 1
    INCREMENT BY 1
    NO MINVALUE
    NO MAXVALUE
    CACHE 1
);


--
-- Name: employees_employeeleaverequest; Type: TABLE; Schema: public; Owner: postgres
--

CREATE TABLE public.employees_employeeleaverequest (
    id bigint NOT NULL,
    employees_id bigint NOT NULL,
    status_id bigint
);


ALTER TABLE public.employees_employeeleaverequest OWNER TO postgres;

--
-- Name: employees_employeeleaverequest_id_seq; Type: SEQUENCE; Schema: public; Owner: postgres
--

ALTER TABLE public.employees_employeeleaverequest ALTER COLUMN id ADD GENERATED BY DEFAULT AS IDENTITY (
    SEQUENCE NAME public.employees_employeeleaverequest_id_seq
    START WITH 1
    INCREMENT BY 1
    NO MINVALUE
    NO MAXVALUE
    CACHE 1
);


--
-- Name: employees_employmentinformation; Type: TABLE; Schema: public; Owner: postgres
--

CREATE TABLE public.employees_employmentinformation (
    id bigint NOT NULL,
    job_description text,
    working_hours integer,
    job_history character varying(5),
    work_site character varying(30),
    date_termination date,
    employee_id bigint NOT NULL,
    job_title_id bigint,
    reporting_structure_id bigint,
    status_id bigint,
    department_id bigint
);


ALTER TABLE public.employees_employmentinformation OWNER TO postgres;

--
-- Name: employees_employmentinformation_id_seq; Type: SEQUENCE; Schema: public; Owner: postgres
--

ALTER TABLE public.employees_employmentinformation ALTER COLUMN id ADD GENERATED BY DEFAULT AS IDENTITY (
    SEQUENCE NAME public.employees_employmentinformation_id_seq
    START WITH 1
    INCREMENT BY 1
    NO MINVALUE
    NO MAXVALUE
    CACHE 1
);


--
-- Name: hr_departments; Type: TABLE; Schema: public; Owner: postgres
--

CREATE TABLE public.hr_departments (
    id bigint NOT NULL,
    department character varying(50) NOT NULL
);


ALTER TABLE public.hr_departments OWNER TO postgres;

--
-- Name: hr_departments_id_seq; Type: SEQUENCE; Schema: public; Owner: postgres
--

ALTER TABLE public.hr_departments ALTER COLUMN id ADD GENERATED BY DEFAULT AS IDENTITY (
    SEQUENCE NAME public.hr_departments_id_seq
    START WITH 1
    INCREMENT BY 1
    NO MINVALUE
    NO MAXVALUE
    CACHE 1
);


--
-- Name: hr_jobpositions; Type: TABLE; Schema: public; Owner: postgres
--

CREATE TABLE public.hr_jobpositions (
    id bigint NOT NULL,
    "position" character varying(100)
);


ALTER TABLE public.hr_jobpositions OWNER TO postgres;

--
-- Name: hr_jobpositions_id_seq; Type: SEQUENCE; Schema: public; Owner: postgres
--

ALTER TABLE public.hr_jobpositions ALTER COLUMN id ADD GENERATED BY DEFAULT AS IDENTITY (
    SEQUENCE NAME public.hr_jobpositions_id_seq
    START WITH 1
    INCREMENT BY 1
    NO MINVALUE
    NO MAXVALUE
    CACHE 1
);


--
-- Name: hr_status; Type: TABLE; Schema: public; Owner: postgres
--

CREATE TABLE public.hr_status (
    id bigint NOT NULL,
    name character varying(50) NOT NULL
);


ALTER TABLE public.hr_status OWNER TO postgres;

--
-- Name: hr_status_id_seq; Type: SEQUENCE; Schema: public; Owner: postgres
--

ALTER TABLE public.hr_status ALTER COLUMN id ADD GENERATED BY DEFAULT AS IDENTITY (
    SEQUENCE NAME public.hr_status_id_seq
    START WITH 1
    INCREMENT BY 1
    NO MINVALUE
    NO MAXVALUE
    CACHE 1
);


--
-- Name: hr_systemconfiguration; Type: TABLE; Schema: public; Owner: postgres
--

CREATE TABLE public.hr_systemconfiguration (
    id bigint NOT NULL,
    company_name character varying(15),
    company_code character varying(15),
    working_hours integer,
    work_sched_start time without time zone,
    work_sched_end time without time zone,
    late integer,
    early_time_out integer,
    absent integer
);


ALTER TABLE public.hr_systemconfiguration OWNER TO postgres;

--
-- Name: hr_systemconfiguration_id_seq; Type: SEQUENCE; Schema: public; Owner: postgres
--

ALTER TABLE public.hr_systemconfiguration ALTER COLUMN id ADD GENERATED BY DEFAULT AS IDENTITY (
    SEQUENCE NAME public.hr_systemconfiguration_id_seq
    START WITH 1
    INCREMENT BY 1
    NO MINVALUE
    NO MAXVALUE
    CACHE 1
);


--
-- Name: hr_typeofleaves; Type: TABLE; Schema: public; Owner: postgres
--

CREATE TABLE public.hr_typeofleaves (
    id bigint NOT NULL,
    type character varying(20) NOT NULL
);


ALTER TABLE public.hr_typeofleaves OWNER TO postgres;

--
-- Name: hr_typeofleaves_id_seq; Type: SEQUENCE; Schema: public; Owner: postgres
--

ALTER TABLE public.hr_typeofleaves ALTER COLUMN id ADD GENERATED BY DEFAULT AS IDENTITY (
    SEQUENCE NAME public.hr_typeofleaves_id_seq
    START WITH 1
    INCREMENT BY 1
    NO MINVALUE
    NO MAXVALUE
    CACHE 1
);


--
-- Data for Name: attendance_attendance; Type: TABLE DATA; Schema: public; Owner: postgres
--

COPY public.attendance_attendance (id, check_in, check_out, date_created, employee_id, status_id) FROM stdin;
\.


--
-- Data for Name: attendance_attendanceviolation; Type: TABLE DATA; Schema: public; Owner: postgres
--

COPY public.attendance_attendanceviolation (id, late, check_out_early, absent, date_created, employee_id) FROM stdin;
\.


--
-- Data for Name: auth_group; Type: TABLE DATA; Schema: public; Owner: postgres
--

COPY public.auth_group (id, name) FROM stdin;
1	HR Group
\.


--
-- Data for Name: auth_group_permissions; Type: TABLE DATA; Schema: public; Owner: postgres
--

COPY public.auth_group_permissions (id, group_id, permission_id) FROM stdin;
1	1	5
2	1	6
3	1	7
4	1	8
5	1	9
6	1	10
7	1	11
8	1	12
9	1	13
10	1	14
11	1	15
12	1	16
13	1	53
14	1	54
15	1	55
16	1	56
17	1	57
18	1	58
19	1	59
20	1	60
\.


--
-- Data for Name: auth_permission; Type: TABLE DATA; Schema: public; Owner: postgres
--

COPY public.auth_permission (id, name, content_type_id, codename) FROM stdin;
1	Can add Employee	1	add_customusers
2	Can change Employee	1	change_customusers
3	Can delete Employee	1	delete_customusers
4	Can view Employee	1	view_customusers
5	Can add log entry	2	add_logentry
6	Can change log entry	2	change_logentry
7	Can delete log entry	2	delete_logentry
8	Can view log entry	2	view_logentry
9	Can add permission	3	add_permission
10	Can change permission	3	change_permission
11	Can delete permission	3	delete_permission
12	Can view permission	3	view_permission
13	Can add group	4	add_group
14	Can change group	4	change_group
15	Can delete group	4	delete_group
16	Can view group	4	view_group
17	Can add content type	5	add_contenttype
18	Can change content type	5	change_contenttype
19	Can delete content type	5	delete_contenttype
20	Can view content type	5	view_contenttype
21	Can add session	6	add_session
22	Can change session	6	change_session
23	Can delete session	6	delete_session
24	Can view session	6	view_session
25	Can add Contact Information	7	add_contactinformation
26	Can change Contact Information	7	change_contactinformation
27	Can delete Contact Information	7	delete_contactinformation
28	Can view Contact Information	7	view_contactinformation
29	Can add Educational Information	8	add_educationalinformation
30	Can change Educational Information	8	change_educationalinformation
31	Can delete Educational Information	8	delete_educationalinformation
32	Can view Educational Information	8	view_educationalinformation
33	Can add Employee ID	9	add_employeeid
34	Can change Employee ID	9	change_employeeid
35	Can delete Employee ID	9	delete_employeeid
36	Can view Employee ID	9	view_employeeid
37	Can add Status	10	add_status
38	Can change Status	10	change_status
39	Can delete Status	10	delete_status
40	Can view Status	10	view_status
41	Can add Job Position	11	add_jobpositions
42	Can change Job Position	11	change_jobpositions
43	Can delete Job Position	11	delete_jobpositions
44	Can view Job Position	11	view_jobpositions
45	Can add System Configurations	12	add_systemconfiguration
46	Can change System Configurations	12	change_systemconfiguration
47	Can delete System Configurations	12	delete_systemconfiguration
48	Can view System Configurations	12	view_systemconfiguration
49	Can add Employment Information	13	add_employmentinformation
50	Can change Employment Information	13	change_employmentinformation
51	Can delete Employment Information	13	delete_employmentinformation
52	Can view Employment Information	13	view_employmentinformation
53	Can add Attendance	14	add_attendance
54	Can change Attendance	14	change_attendance
55	Can delete Attendance	14	delete_attendance
56	Can view Attendance	14	view_attendance
57	Can add Violation	15	add_attendanceviolation
58	Can change Violation	15	change_attendanceviolation
59	Can delete Violation	15	delete_attendanceviolation
60	Can view Violation	15	view_attendanceviolation
61	Can add Department	16	add_departments
62	Can change Department	16	change_departments
63	Can delete Department	16	delete_departments
64	Can view Department	16	view_departments
65	Can add Leaves	17	add_typeofleaves
66	Can change Leaves	17	change_typeofleaves
67	Can delete Leaves	17	delete_typeofleaves
68	Can view Leaves	17	view_typeofleaves
69	Can add employee leave request	18	add_employeeleaverequest
70	Can change employee leave request	18	change_employeeleaverequest
71	Can delete employee leave request	18	delete_employeeleaverequest
72	Can view employee leave request	18	view_employeeleaverequest
\.


--
-- Data for Name: django_admin_log; Type: TABLE DATA; Schema: public; Owner: postgres
--

COPY public.django_admin_log (id, action_time, object_id, object_repr, action_flag, change_message, content_type_id, user_id) FROM stdin;
159	2023-05-28 22:57:18.987096+08	18	Temblor Neil Brian	2	[{"changed": {"fields": ["Gender", "Address", "City", "Province", "Date of Birth", "Marital Status", "Citizenship Status", "Profile Picture"]}}]	1	18
160	2023-05-28 22:57:42.393582+08	22	Temblor Neil Brian - Employment Information	1	[{"added": {}}]	13	18
161	2023-05-28 22:58:21.525987+08	2	Temblor Neil Brian - educational info	1	[{"added": {}}]	8	18
162	2023-05-28 22:58:34.03001+08	14	Temblor Neil Brian - contact information	1	[{"added": {}}]	7	18
163	2023-05-28 23:09:05.990341+08	19	Van Nick	1	[{"added": {}}]	1	18
164	2023-05-28 23:09:35.450239+08	23	Van Nick - Employment Information	1	[{"added": {}}]	13	18
165	2023-05-28 23:09:57.74036+08	15	Van Nick - contact information	1	[{"added": {}}]	7	18
166	2023-05-28 23:10:19.269259+08	19	Van Nick	2	[{"changed": {"fields": ["Profile Picture"]}}]	1	18
167	2023-05-28 23:20:08.489532+08	3	Van Nick - educational info	1	[{"added": {}}]	8	18
168	2023-05-28 23:20:22.449862+08	3	Van Nick - educational info	3		8	18
169	2023-05-29 19:18:33.625046+08	3	ID	1	[{"added": {}}]	9	18
170	2023-05-29 21:20:19.489565+08	3	ID	2	[{"changed": {"fields": ["ID"]}}]	9	18
171	2023-05-29 21:22:56.734017+08	4	ID	1	[{"added": {}}]	9	18
172	2023-05-29 21:23:10.506871+08	4	ID	3		9	18
173	2023-05-29 23:36:02.48007+08	1	Surfasync	2	[{"changed": {"fields": ["Company Code"]}}]	12	18
174	2023-05-30 21:46:56.959383+08	14	ID	3		9	18
175	2023-05-30 21:59:46.735153+08	15	ID	3		9	18
176	2023-05-31 16:53:25.493365+08	18	Temblor Neil Brian	2	[{"changed": {"fields": ["Middle Name"]}}]	1	18
177	2023-05-31 22:07:32.905992+08	20	Pacquiou Manny	1	[{"added": {}}]	1	18
178	2023-05-31 22:07:55.340057+08	4	Pacquiou Manny - educational info	1	[{"added": {}}]	8	18
179	2023-05-31 22:08:29.796537+08	24	Pacquiou Manny - Employment Information	1	[{"added": {}}]	13	18
180	2023-06-01 18:06:29.643297+08	6	Information Technology	2	[{"changed": {"fields": ["Department"]}}]	16	18
181	2023-06-01 18:31:24.619708+08	22	Temblor Neil Brian - Employment Information	2	[{"changed": {"fields": ["Reporting to"]}}]	13	18
182	2023-06-01 20:25:55.418244+08	16	Pacquiou Manny - contact information	1	[{"added": {}}]	7	18
183	2023-06-01 20:26:07.229448+08	24	Pacquiou Manny - Employment Information	2	[]	13	18
184	2023-06-01 20:27:14.641376+08	21	Amell Jonas	1	[{"added": {}}]	1	18
185	2023-06-01 20:27:31.130619+08	17	Amell Jonas - contact information	1	[{"added": {}}]	7	18
186	2023-06-01 20:28:08.341098+08	25	Amell Jonas - Employment Information	1	[{"added": {}}]	13	18
\.


--
-- Data for Name: django_content_type; Type: TABLE DATA; Schema: public; Owner: postgres
--

COPY public.django_content_type (id, app_label, model) FROM stdin;
1	employees	customusers
2	admin	logentry
3	auth	permission
4	auth	group
5	contenttypes	contenttype
6	sessions	session
7	employees	contactinformation
8	employees	educationalinformation
9	employees	employeeid
10	hr	status
11	hr	jobpositions
12	hr	systemconfiguration
13	employees	employmentinformation
14	attendance	attendance
15	attendance	attendanceviolation
16	hr	departments
17	hr	typeofleaves
18	employees	employeeleaverequest
\.


--
-- Data for Name: django_migrations; Type: TABLE DATA; Schema: public; Owner: postgres
--

COPY public.django_migrations (id, app, name, applied) FROM stdin;
1	contenttypes	0001_initial	2023-05-11 22:33:41.324981+08
2	contenttypes	0002_remove_content_type_name	2023-05-11 22:33:41.324981+08
3	auth	0001_initial	2023-05-11 22:33:41.371954+08
4	auth	0002_alter_permission_name_max_length	2023-05-11 22:33:41.371954+08
5	auth	0003_alter_user_email_max_length	2023-05-11 22:33:41.371954+08
6	auth	0004_alter_user_username_opts	2023-05-11 22:33:41.371954+08
7	auth	0005_alter_user_last_login_null	2023-05-11 22:33:41.371954+08
8	auth	0006_require_contenttypes_0002	2023-05-11 22:33:41.387601+08
9	auth	0007_alter_validators_add_error_messages	2023-05-11 22:33:41.387601+08
10	auth	0008_alter_user_username_max_length	2023-05-11 22:33:41.387601+08
11	auth	0009_alter_user_last_name_max_length	2023-05-11 22:33:41.387601+08
12	auth	0010_alter_group_name_max_length	2023-05-11 22:33:41.387601+08
13	auth	0011_update_proxy_permissions	2023-05-11 22:33:41.403253+08
14	auth	0012_alter_user_first_name_max_length	2023-05-11 22:33:41.403253+08
15	employees	0001_initial	2023-05-11 22:33:41.434577+08
16	admin	0001_initial	2023-05-11 22:33:41.450231+08
17	admin	0002_logentry_remove_auto_add	2023-05-11 22:33:41.450231+08
18	admin	0003_logentry_add_action_flag_choices	2023-05-11 22:33:41.465988+08
19	sessions	0001_initial	2023-05-11 22:33:41.465988+08
20	employees	0002_educationalinformation_contactinformation	2023-05-11 22:59:48.070217+08
21	employees	0003_employeeid	2023-05-11 23:02:12.592565+08
22	hr	0001_initial	2023-05-11 23:28:18.229456+08
23	employees	0004_customusers_birth_date_and_more	2023-05-13 00:43:25.639924+08
24	hr	0002_jobpositions	2023-05-13 15:52:29.684236+08
25	hr	0003_systemconfiguration	2023-05-13 16:20:35.086525+08
26	employees	0005_employmentinformation	2023-05-13 18:06:46.709659+08
27	attendance	0001_initial	2023-05-14 21:39:15.999966+08
28	employees	0006_alter_employmentinformation_job_title	2023-05-16 19:14:46.760445+08
29	hr	0004_departments	2023-05-17 19:00:05.426318+08
30	employees	0007_employmentinformation_department_and_more	2023-05-17 19:04:29.398307+08
31	employees	0008_customusers_address_city_customusers_province_and_more	2023-05-22 23:32:12.799539+08
32	hr	0005_typeofleaves	2023-05-27 21:21:13.928906+08
33	employees	0009_alter_employmentinformation_status_and_more	2023-05-27 21:21:13.960267+08
34	employees	0010_alter_contactinformation_employee_and_more	2023-05-28 19:04:16.318677+08
35	employees	0011_alter_contactinformation_employee	2023-05-28 20:34:51.824911+08
36	employees	0012_alter_educationalinformation_employee_and_more	2023-05-28 20:59:51.325642+08
37	employees	0013_alter_employmentinformation_department_and_more	2023-05-28 21:03:44.654098+08
38	employees	0014_customusers_profile_image	2023-05-28 22:30:09.478784+08
39	employees	0015_alter_customusers_profile_image	2023-05-28 22:35:19.141051+08
40	employees	0016_alter_customusers_profile_image	2023-05-28 22:37:34.592053+08
41	employees	0017_alter_customusers_birth_date_and_more	2023-05-28 22:53:03.519291+08
42	employees	0018_alter_customusers_birth_date	2023-05-28 22:55:41.450752+08
43	employees	0019_alter_employeeid_company_id	2023-05-29 16:44:20.795342+08
44	employees	0020_alter_employeeid_employees	2023-05-29 23:11:43.319712+08
\.


--
-- Data for Name: django_session; Type: TABLE DATA; Schema: public; Owner: postgres
--

COPY public.django_session (session_key, session_data, expire_date) FROM stdin;
odjjbfzn8yguugg11mvegta2iwbroodx	.eJxVjL0OwjAQg98lM4py-WlTNrozMkfX5EILVSI1rRgQ704qdYDFsvzZfjOH2zq6rdDipsDODNjpNxvQPyntIDww3TP3Oa3LNPC9wg9a-GWe86vKrW7KNQea-2P49zZiGeuVjEBDo7zvTLSA1FqSbaxWWzQQGmW7gJ6Ekh5ARBAaSSoTtehMqw2yzxdg1DzH:1pySvc:g_aQEj9plfLY4S3oBAy4TggB7NhjN55_AiNbYyLkpLM	2023-05-29 15:47:32.510773+08
vsegw6oamdgrp66x53wx9ws93j6qtnkd	.eJxVjL0OwjAQg98lM4py-WlTNrozMkfX5EILVSI1rRgQ704qdYDFsvzZfjOH2zq6rdDipsDODNjpNxvQPyntIDww3TP3Oa3LNPC9wg9a-GWe86vKrW7KNQea-2P49zZiGeuVjEBDo7zvTLSA1FqSbaxWWzQQGmW7gJ6Ekh5ARBAaSSoTtehMqw2yzxdg1DzH:1pyshj:DDbaTc9aPMj8-45QVpwlI-rSQxEu9iUAGBXzwGhLdJ0	2023-05-30 19:18:55.522367+08
b2caemedw2ya9r0eo6jk32fcr1pjfh26	.eJxVjL0OwjAQg98lM4py-WlTNrozMkfX5EILVSI1rRgQ704qdYDFsvzZfjOH2zq6rdDipsDODNjpNxvQPyntIDww3TP3Oa3LNPC9wg9a-GWe86vKrW7KNQea-2P49zZiGeuVjEBDo7zvTLSA1FqSbaxWWzQQGmW7gJ6Ekh5ARBAaSSoTtehMqw2yzxdg1DzH:1pyvVZ:a5crxdxFzAAZ9OQXBuXNzSJJcb76Mwectz5tMv-3gc4	2023-05-30 22:18:33.128748+08
rex8x2w1tfujyyh651ntiodbt96f4klr	.eJxVjL0OwjAQg98lM4py-WlTNrozMkfX5EILVSI1rRgQ704qdYDFsvzZfjOH2zq6rdDipsDODNjpNxvQPyntIDww3TP3Oa3LNPC9wg9a-GWe86vKrW7KNQea-2P49zZiGeuVjEBDo7zvTLSA1FqSbaxWWzQQGmW7gJ6Ekh5ARBAaSSoTtehMqw2yzxdg1DzH:1q0fpG:fGe0znDfEVZTNQrr_zCSIROJfB6KoNFthR7hyU-jbHk	2023-06-04 17:58:06.098578+08
01vt2397zddhjqxyk441845fk69g2f01	.eJxVjL0OwjAQg98lM4py-WlTNrozMkfX5EILVSI1rRgQ704qdYDFsvzZfjOH2zq6rdDipsDODNjpNxvQPyntIDww3TP3Oa3LNPC9wg9a-GWe86vKrW7KNQea-2P49zZiGeuVjEBDo7zvTLSA1FqSbaxWWzQQGmW7gJ6Ekh5ARBAaSSoTtehMqw2yzxdg1DzH:1q28ps:6YqefUCkHN5Czz4e3-VIMDkObY9PzqlDfiUO3juAbss	2023-06-08 19:08:48.599349+08
j7g4dm4pxct4fg1q665fgf65dvdgmlrg	e30:1q2ttf:Ym6k_nvibInhjeUwMtET8JSKevjyUuk8CGVbdGk0ptg	2023-06-10 21:23:51.515812+08
yukj7iwdjsk3tsajpqc8uwv2cpy0ct3q	e30:1q2tyy:gcmMqwFZ4vaqXX8xeD8PsVOVZoYYTilw6bRDlD3tl_w	2023-06-10 21:29:20.414706+08
cyzok5so41ta5k69shbb6pm5qnw2x0k9	e30:1q2tzf:N_ivFb157tIMWAf9yoP7zMnFItSLAX55HnSe8sX85Cw	2023-06-10 21:30:03.112972+08
e2jqgi43se57v5igg1mz4rv78lv7hyt0	e30:1q2u0u:BuewhOI8xA2voaUWxOuDjAApKv__zYVtYTCkkW5H_7E	2023-06-10 21:31:20.22435+08
tusdthxyu9xbuqggrapezcrd33ubwfun	e30:1q2u1m:OQemsZQdI_aJNceOEm4ntD6Rs7UgcuSiV86FsTRhBYg	2023-06-10 21:32:14.755606+08
d5ja2jue6jxy7cxquxytm1lbfwg10huq	e30:1q2u2J:2BTTiTZx0FFy_LZ6TA7sunjQBW7RSg19lE2U5tr23tQ	2023-06-10 21:32:47.059677+08
iludzbn5pe84aaar07ghymr3bfguc07i	e30:1q2u3p:DDZWgWCwxGI5t3CLQqUBUImAgvmTEaqbuKgidbFJR9I	2023-06-10 21:34:21.783541+08
iru43g1j9g5wm0una3oak5wid74j49p3	e30:1q2uBv:6yZgMEV2raiV6dVb-VpYpoZVdbbsXqLlEBxBMxv3UVY	2023-06-10 21:42:43.564933+08
w1673ij9wbgc45slmgkulqmcg655fmfu	e30:1q2uDT:kZSX4GKI8rRfdxw98xXFJFrxkX-mPnUzkdENtwcFQzE	2023-06-10 21:44:19.025108+08
r8wp2h6a1pei393hsfj0oeu3npupekdf	e30:1q2uli:6aeMauQfIUqceoRGuRvCVzuuhTK2euvGml1zm7owKJo	2023-06-10 22:19:42.071686+08
77upkfn7u80k33485ileyujsdhsfd1vn	.eJxVjL0OwjAQg98lM4py-WlTNrozMkfX5EILVSI1rRgQ704qdYDFsvzZfjOH2zq6rdDipsDODNjpNxvQPyntIDww3TP3Oa3LNPC9wg9a-GWe86vKrW7KNQea-2P49zZiGeuVjEBDo7zvTLSA1FqSbaxWWzQQGmW7gJ6Ekh5ARBAaSSoTtehMqw2yzxdg1DzH:1q3Aog:8bLylj1TUzl5A8L_k3Q3tgB3gdq3fPcGTWx2bGeZF70	2023-06-11 15:27:50.960129+08
3truexhmrajaruwm91f82f5ozt1envsm	.eJxVjb0OwjAQg98lM4ra_IeN7ozMUa53JYUqkZpWDIh3p5U6wOLB9me_WYjrksJaaQ4jsjNrHTv9mhD7J-U9wUfM98L7kpd5BL5X-JFWfpmm8trktjH1WpCm7gD_1lKsaT9BDagbAaJVSI2URjmJ0XkclMGITlDjSPdWabLee9KDENJK0xKABc8-X3rKPRQ:1q3anf:uIjOl_jc_JkUF6WN7DBuofVpGyDS5VQPRT26Gwl2dh4	2023-06-12 19:12:31.822261+08
b1bz6oxr86ntf52zuu0a7robdi0tbujg	.eJxVjb0OwjAQg98lM4ra_IeN7ozMUa53JYUqkZpWDIh3p5U6wOLB9me_WYjrksJaaQ4jsjNrHTv9mhD7J-U9wUfM98L7kpd5BL5X-JFWfpmm8trktjH1WpCm7gD_1lKsaT9BDagbAaJVSI2URjmJ0XkclMGITlDjSPdWabLee9KDENJK0xKABc8-X3rKPRQ:1q3aoM:K3GIW-sn-BM-nyR_vduQtcdXJ5g9wtCInLDUhQ9MJVA	2023-06-12 19:13:14.774692+08
vjx3fuv87wcwyrofv3l4a7w3yakpydnk	.eJxVjb0OwjAQg98lM4ra_IeN7ozMUa53JYUqkZpWDIh3p5U6wOLB9me_WYjrksJaaQ4jsjNrHTv9mhD7J-U9wUfM98L7kpd5BL5X-JFWfpmm8trktjH1WpCm7gD_1lKsaT9BDagbAaJVSI2URjmJ0XkclMGITlDjSPdWabLee9KDENJK0xKABc8-X3rKPRQ:1q42sp:jhf0zTEpX6e-kZHiebL24nx01QPsgqGL7r-yme46dWQ	2023-06-14 01:11:43.597528+08
zxmitqzvuzzqxn4aq71em9n5cf9l7ept	.eJxVjb0OwjAQg98lM4ra_IeN7ozMUa53JYUqkZpWDIh3p5U6wOLB9me_WYjrksJaaQ4jsjNrHTv9mhD7J-U9wUfM98L7kpd5BL5X-JFWfpmm8trktjH1WpCm7gD_1lKsaT9BDagbAaJVSI2URjmJ0XkclMGITlDjSPdWabLee9KDENJK0xKABc8-X3rKPRQ:1q4h91:QbKxH-lgzex7_l1TO53f-DXBoMUBB9ce5MFAfK1u_Yc	2023-06-15 20:11:07.64145+08
\.


--
-- Data for Name: employees_contactinformation; Type: TABLE DATA; Schema: public; Owner: postgres
--

COPY public.employees_contactinformation (id, contact_no, second_contact_no, social_media_account, employee_id) FROM stdin;
14	09262689148	\N	\N	18
15	09252554926	\N	\N	19
16	09393958104	\N	\N	20
17	09000037915	\N	\N	21
\.


--
-- Data for Name: employees_customusers; Type: TABLE DATA; Schema: public; Owner: postgres
--

COPY public.employees_customusers (id, password, is_superuser, email, first_name, middle_name, last_name, gender, address, date_joined, last_login, is_active, is_staff, birth_date, citizenship_status, marital_status, address_city, province, second_address, profile_image) FROM stdin;
19	pbkdf2_sha256$600000$VaFr7RBEb0UyDluy5IVsRo$1JDCuTyLS6lIO3Mtu0D/AjTVwbTyNjei6RRoTgRgS90=	f	khanduct12@gmail.com	Nick	Vantot	Van	male	Sibulan	2023-05-28 23:09:05.980339+08	2023-05-28 23:10:19.264407+08	t	f	1997-04-12	ph citizen	single	Dumaguete City	Negros Oriental	\N	profile_pictures/1684305074528.jfif
20	pbkdf2_sha256$600000$L6oBSmbsdcODZiqhPm1Xov$JVnXGuERBctXe3sci2cwyUxJ11sUI16BzRFQ1xWKfJs=	f	mannypacman12@yahoo.com	Manny	Minedez	Pacquiou	male	Kamuning	2023-05-31 22:07:32.891453+08	2023-05-31 22:07:32.891453+08	t	f	1996-06-12	ph citizen	married	Quezon City	Metro Manila	\N	default_pic.png
18	pbkdf2_sha256$600000$TF9nLogieTb3eD984QRMKu$Vb4H4vLQNlsPWw6hgN43cQ7ctU9wnPYUsjC9KT2GeuU=	t	neilcore22@gmail.com	Neil Brian	Elmido	Temblor	male	Taclobo	2023-05-28 22:56:23.863844+08	2023-06-01 20:11:07.638438+08	t	t	1999-08-30	ph citizen	single	Dumaguete City	Negros Oriental	\N	profile_pictures/AirBrush_20210907154011_jWkaa1z.jpg
21	pbkdf2_sha256$600000$eUCQNl17KkdFyr6CckxDVU$UzW6pLzLbA1kEquIPSfWREcg+ZMNRLJhjCINrzCUErE=	f	jonaskevin12@yahoo.com	Jonas	Steven	Amell	male	Bacolod	2023-06-01 20:27:14.632204+08	2023-06-01 20:27:14.632204+08	t	f	1996-05-12	ph citizen	married	Bacolod City	Negros Oriental	\N	default_pic.png
\.


--
-- Data for Name: employees_customusers_groups; Type: TABLE DATA; Schema: public; Owner: postgres
--

COPY public.employees_customusers_groups (id, customusers_id, group_id) FROM stdin;
\.


--
-- Data for Name: employees_customusers_user_permissions; Type: TABLE DATA; Schema: public; Owner: postgres
--

COPY public.employees_customusers_user_permissions (id, customusers_id, permission_id) FROM stdin;
\.


--
-- Data for Name: employees_educationalinformation; Type: TABLE DATA; Schema: public; Owner: postgres
--

COPY public.employees_educationalinformation (id, university, graduation_date, diploma_soft_copy, tor_soft_copy, degree_certificate_soft_copy, diploma_hard_copy, tor_hard_copy, degree_certificate_hard_copy, employee_id) FROM stdin;
2	Negros Oriental State University	2022-05-17				none	none	none	18
4	Siliman University Manila	2022-01-12				none	none	none	20
\.


--
-- Data for Name: employees_employeeid; Type: TABLE DATA; Schema: public; Owner: postgres
--

COPY public.employees_employeeid (id, company_id, employees_id) FROM stdin;
3	SYNC-65388	18
16	SYNC-199795851	19
17	SYNC-199642602	20
18	SYNC-199620587	21
\.


--
-- Data for Name: employees_employeeleaverequest; Type: TABLE DATA; Schema: public; Owner: postgres
--

COPY public.employees_employeeleaverequest (id, employees_id, status_id) FROM stdin;
\.


--
-- Data for Name: employees_employmentinformation; Type: TABLE DATA; Schema: public; Owner: postgres
--

COPY public.employees_employmentinformation (id, job_description, working_hours, job_history, work_site, date_termination, employee_id, job_title_id, reporting_structure_id, status_id, department_id) FROM stdin;
23		5	no	work from home	\N	19	8	18	1	6
22		6	no	on site	\N	18	8	19	1	6
24		8	no	on site	\N	20	8	19	1	6
25		8	yes	on site	\N	21	4	18	1	6
\.


--
-- Data for Name: hr_departments; Type: TABLE DATA; Schema: public; Owner: postgres
--

COPY public.hr_departments (id, department) FROM stdin;
1	human resources
2	accounting
3	sales
4	marketing
5	operations/productions
7	customer service
8	project management
6	Information Technology
\.


--
-- Data for Name: hr_jobpositions; Type: TABLE DATA; Schema: public; Owner: postgres
--

COPY public.hr_jobpositions (id, "position") FROM stdin;
1	sales clerk
2	supervisor
3	manager
4	data analyst
5	data analyst
6	security guard
7	conductor
8	software engineer
9	network engineer
\.


--
-- Data for Name: hr_status; Type: TABLE DATA; Schema: public; Owner: postgres
--

COPY public.hr_status (id, name) FROM stdin;
1	active
2	inactive
4	late
5	early
6	absent
7	leave
8	probationary
9	on contract
10	training
11	approved
12	declined
\.


--
-- Data for Name: hr_systemconfiguration; Type: TABLE DATA; Schema: public; Owner: postgres
--

COPY public.hr_systemconfiguration (id, company_name, company_code, working_hours, work_sched_start, work_sched_end, late, early_time_out, absent) FROM stdin;
1	surfasync	SYNC	8	08:00:00	05:00:00	2	5	5
\.


--
-- Data for Name: hr_typeofleaves; Type: TABLE DATA; Schema: public; Owner: postgres
--

COPY public.hr_typeofleaves (id, type) FROM stdin;
\.


--
-- Name: attendance_attendance_id_seq; Type: SEQUENCE SET; Schema: public; Owner: postgres
--

SELECT pg_catalog.setval('public.attendance_attendance_id_seq', 1, false);


--
-- Name: attendance_attendanceviolation_id_seq; Type: SEQUENCE SET; Schema: public; Owner: postgres
--

SELECT pg_catalog.setval('public.attendance_attendanceviolation_id_seq', 1, false);


--
-- Name: auth_group_id_seq; Type: SEQUENCE SET; Schema: public; Owner: postgres
--

SELECT pg_catalog.setval('public.auth_group_id_seq', 1, true);


--
-- Name: auth_group_permissions_id_seq; Type: SEQUENCE SET; Schema: public; Owner: postgres
--

SELECT pg_catalog.setval('public.auth_group_permissions_id_seq', 20, true);


--
-- Name: auth_permission_id_seq; Type: SEQUENCE SET; Schema: public; Owner: postgres
--

SELECT pg_catalog.setval('public.auth_permission_id_seq', 72, true);


--
-- Name: django_admin_log_id_seq; Type: SEQUENCE SET; Schema: public; Owner: postgres
--

SELECT pg_catalog.setval('public.django_admin_log_id_seq', 186, true);


--
-- Name: django_content_type_id_seq; Type: SEQUENCE SET; Schema: public; Owner: postgres
--

SELECT pg_catalog.setval('public.django_content_type_id_seq', 18, true);


--
-- Name: django_migrations_id_seq; Type: SEQUENCE SET; Schema: public; Owner: postgres
--

SELECT pg_catalog.setval('public.django_migrations_id_seq', 44, true);


--
-- Name: employees_contactinformation_id_seq; Type: SEQUENCE SET; Schema: public; Owner: postgres
--

SELECT pg_catalog.setval('public.employees_contactinformation_id_seq', 17, true);


--
-- Name: employees_customusers_groups_id_seq; Type: SEQUENCE SET; Schema: public; Owner: postgres
--

SELECT pg_catalog.setval('public.employees_customusers_groups_id_seq', 1, false);


--
-- Name: employees_customusers_id_seq; Type: SEQUENCE SET; Schema: public; Owner: postgres
--

SELECT pg_catalog.setval('public.employees_customusers_id_seq', 21, true);


--
-- Name: employees_customusers_user_permissions_id_seq; Type: SEQUENCE SET; Schema: public; Owner: postgres
--

SELECT pg_catalog.setval('public.employees_customusers_user_permissions_id_seq', 1, false);


--
-- Name: employees_educationalinformation_id_seq; Type: SEQUENCE SET; Schema: public; Owner: postgres
--

SELECT pg_catalog.setval('public.employees_educationalinformation_id_seq', 4, true);


--
-- Name: employees_employeeid_id_seq; Type: SEQUENCE SET; Schema: public; Owner: postgres
--

SELECT pg_catalog.setval('public.employees_employeeid_id_seq', 18, true);


--
-- Name: employees_employeeleaverequest_id_seq; Type: SEQUENCE SET; Schema: public; Owner: postgres
--

SELECT pg_catalog.setval('public.employees_employeeleaverequest_id_seq', 1, false);


--
-- Name: employees_employmentinformation_id_seq; Type: SEQUENCE SET; Schema: public; Owner: postgres
--

SELECT pg_catalog.setval('public.employees_employmentinformation_id_seq', 25, true);


--
-- Name: hr_departments_id_seq; Type: SEQUENCE SET; Schema: public; Owner: postgres
--

SELECT pg_catalog.setval('public.hr_departments_id_seq', 8, true);


--
-- Name: hr_jobpositions_id_seq; Type: SEQUENCE SET; Schema: public; Owner: postgres
--

SELECT pg_catalog.setval('public.hr_jobpositions_id_seq', 9, true);


--
-- Name: hr_status_id_seq; Type: SEQUENCE SET; Schema: public; Owner: postgres
--

SELECT pg_catalog.setval('public.hr_status_id_seq', 12, true);


--
-- Name: hr_systemconfiguration_id_seq; Type: SEQUENCE SET; Schema: public; Owner: postgres
--

SELECT pg_catalog.setval('public.hr_systemconfiguration_id_seq', 1, true);


--
-- Name: hr_typeofleaves_id_seq; Type: SEQUENCE SET; Schema: public; Owner: postgres
--

SELECT pg_catalog.setval('public.hr_typeofleaves_id_seq', 1, false);


--
-- Name: attendance_attendance attendance_attendance_pkey; Type: CONSTRAINT; Schema: public; Owner: postgres
--

ALTER TABLE ONLY public.attendance_attendance
    ADD CONSTRAINT attendance_attendance_pkey PRIMARY KEY (id);


--
-- Name: attendance_attendanceviolation attendance_attendanceviolation_employee_id_key; Type: CONSTRAINT; Schema: public; Owner: postgres
--

ALTER TABLE ONLY public.attendance_attendanceviolation
    ADD CONSTRAINT attendance_attendanceviolation_employee_id_key UNIQUE (employee_id);


--
-- Name: attendance_attendanceviolation attendance_attendanceviolation_pkey; Type: CONSTRAINT; Schema: public; Owner: postgres
--

ALTER TABLE ONLY public.attendance_attendanceviolation
    ADD CONSTRAINT attendance_attendanceviolation_pkey PRIMARY KEY (id);


--
-- Name: auth_group auth_group_name_key; Type: CONSTRAINT; Schema: public; Owner: postgres
--

ALTER TABLE ONLY public.auth_group
    ADD CONSTRAINT auth_group_name_key UNIQUE (name);


--
-- Name: auth_group_permissions auth_group_permissions_group_id_permission_id_0cd325b0_uniq; Type: CONSTRAINT; Schema: public; Owner: postgres
--

ALTER TABLE ONLY public.auth_group_permissions
    ADD CONSTRAINT auth_group_permissions_group_id_permission_id_0cd325b0_uniq UNIQUE (group_id, permission_id);


--
-- Name: auth_group_permissions auth_group_permissions_pkey; Type: CONSTRAINT; Schema: public; Owner: postgres
--

ALTER TABLE ONLY public.auth_group_permissions
    ADD CONSTRAINT auth_group_permissions_pkey PRIMARY KEY (id);


--
-- Name: auth_group auth_group_pkey; Type: CONSTRAINT; Schema: public; Owner: postgres
--

ALTER TABLE ONLY public.auth_group
    ADD CONSTRAINT auth_group_pkey PRIMARY KEY (id);


--
-- Name: auth_permission auth_permission_content_type_id_codename_01ab375a_uniq; Type: CONSTRAINT; Schema: public; Owner: postgres
--

ALTER TABLE ONLY public.auth_permission
    ADD CONSTRAINT auth_permission_content_type_id_codename_01ab375a_uniq UNIQUE (content_type_id, codename);


--
-- Name: auth_permission auth_permission_pkey; Type: CONSTRAINT; Schema: public; Owner: postgres
--

ALTER TABLE ONLY public.auth_permission
    ADD CONSTRAINT auth_permission_pkey PRIMARY KEY (id);


--
-- Name: django_admin_log django_admin_log_pkey; Type: CONSTRAINT; Schema: public; Owner: postgres
--

ALTER TABLE ONLY public.django_admin_log
    ADD CONSTRAINT django_admin_log_pkey PRIMARY KEY (id);


--
-- Name: django_content_type django_content_type_app_label_model_76bd3d3b_uniq; Type: CONSTRAINT; Schema: public; Owner: postgres
--

ALTER TABLE ONLY public.django_content_type
    ADD CONSTRAINT django_content_type_app_label_model_76bd3d3b_uniq UNIQUE (app_label, model);


--
-- Name: django_content_type django_content_type_pkey; Type: CONSTRAINT; Schema: public; Owner: postgres
--

ALTER TABLE ONLY public.django_content_type
    ADD CONSTRAINT django_content_type_pkey PRIMARY KEY (id);


--
-- Name: django_migrations django_migrations_pkey; Type: CONSTRAINT; Schema: public; Owner: postgres
--

ALTER TABLE ONLY public.django_migrations
    ADD CONSTRAINT django_migrations_pkey PRIMARY KEY (id);


--
-- Name: django_session django_session_pkey; Type: CONSTRAINT; Schema: public; Owner: postgres
--

ALTER TABLE ONLY public.django_session
    ADD CONSTRAINT django_session_pkey PRIMARY KEY (session_key);


--
-- Name: employees_contactinformation employees_contactinformation_employee_id_a483f20a_uniq; Type: CONSTRAINT; Schema: public; Owner: postgres
--

ALTER TABLE ONLY public.employees_contactinformation
    ADD CONSTRAINT employees_contactinformation_employee_id_a483f20a_uniq UNIQUE (employee_id);


--
-- Name: employees_contactinformation employees_contactinformation_pkey; Type: CONSTRAINT; Schema: public; Owner: postgres
--

ALTER TABLE ONLY public.employees_contactinformation
    ADD CONSTRAINT employees_contactinformation_pkey PRIMARY KEY (id);


--
-- Name: employees_customusers employees_customusers_email_key; Type: CONSTRAINT; Schema: public; Owner: postgres
--

ALTER TABLE ONLY public.employees_customusers
    ADD CONSTRAINT employees_customusers_email_key UNIQUE (email);


--
-- Name: employees_customusers_groups employees_customusers_gr_customusers_id_group_id_64244ac1_uniq; Type: CONSTRAINT; Schema: public; Owner: postgres
--

ALTER TABLE ONLY public.employees_customusers_groups
    ADD CONSTRAINT employees_customusers_gr_customusers_id_group_id_64244ac1_uniq UNIQUE (customusers_id, group_id);


--
-- Name: employees_customusers_groups employees_customusers_groups_pkey; Type: CONSTRAINT; Schema: public; Owner: postgres
--

ALTER TABLE ONLY public.employees_customusers_groups
    ADD CONSTRAINT employees_customusers_groups_pkey PRIMARY KEY (id);


--
-- Name: employees_customusers employees_customusers_pkey; Type: CONSTRAINT; Schema: public; Owner: postgres
--

ALTER TABLE ONLY public.employees_customusers
    ADD CONSTRAINT employees_customusers_pkey PRIMARY KEY (id);


--
-- Name: employees_customusers_user_permissions employees_customusers_us_customusers_id_permissio_9ed9f8e1_uniq; Type: CONSTRAINT; Schema: public; Owner: postgres
--

ALTER TABLE ONLY public.employees_customusers_user_permissions
    ADD CONSTRAINT employees_customusers_us_customusers_id_permissio_9ed9f8e1_uniq UNIQUE (customusers_id, permission_id);


--
-- Name: employees_customusers_user_permissions employees_customusers_user_permissions_pkey; Type: CONSTRAINT; Schema: public; Owner: postgres
--

ALTER TABLE ONLY public.employees_customusers_user_permissions
    ADD CONSTRAINT employees_customusers_user_permissions_pkey PRIMARY KEY (id);


--
-- Name: employees_educationalinformation employees_educationalinformation_employee_id_79667a20_uniq; Type: CONSTRAINT; Schema: public; Owner: postgres
--

ALTER TABLE ONLY public.employees_educationalinformation
    ADD CONSTRAINT employees_educationalinformation_employee_id_79667a20_uniq UNIQUE (employee_id);


--
-- Name: employees_educationalinformation employees_educationalinformation_pkey; Type: CONSTRAINT; Schema: public; Owner: postgres
--

ALTER TABLE ONLY public.employees_educationalinformation
    ADD CONSTRAINT employees_educationalinformation_pkey PRIMARY KEY (id);


--
-- Name: employees_employeeid employees_employeeid_company_id_7cd05a1a_uniq; Type: CONSTRAINT; Schema: public; Owner: postgres
--

ALTER TABLE ONLY public.employees_employeeid
    ADD CONSTRAINT employees_employeeid_company_id_7cd05a1a_uniq UNIQUE (company_id);


--
-- Name: employees_employeeid employees_employeeid_employees_id_key; Type: CONSTRAINT; Schema: public; Owner: postgres
--

ALTER TABLE ONLY public.employees_employeeid
    ADD CONSTRAINT employees_employeeid_employees_id_key UNIQUE (employees_id);


--
-- Name: employees_employeeid employees_employeeid_pkey; Type: CONSTRAINT; Schema: public; Owner: postgres
--

ALTER TABLE ONLY public.employees_employeeid
    ADD CONSTRAINT employees_employeeid_pkey PRIMARY KEY (id);


--
-- Name: employees_employeeleaverequest employees_employeeleaverequest_employees_id_key; Type: CONSTRAINT; Schema: public; Owner: postgres
--

ALTER TABLE ONLY public.employees_employeeleaverequest
    ADD CONSTRAINT employees_employeeleaverequest_employees_id_key UNIQUE (employees_id);


--
-- Name: employees_employeeleaverequest employees_employeeleaverequest_pkey; Type: CONSTRAINT; Schema: public; Owner: postgres
--

ALTER TABLE ONLY public.employees_employeeleaverequest
    ADD CONSTRAINT employees_employeeleaverequest_pkey PRIMARY KEY (id);


--
-- Name: employees_employmentinformation employees_employmentinformation_employee_id_83c20ca9_uniq; Type: CONSTRAINT; Schema: public; Owner: postgres
--

ALTER TABLE ONLY public.employees_employmentinformation
    ADD CONSTRAINT employees_employmentinformation_employee_id_83c20ca9_uniq UNIQUE (employee_id);


--
-- Name: employees_employmentinformation employees_employmentinformation_pkey; Type: CONSTRAINT; Schema: public; Owner: postgres
--

ALTER TABLE ONLY public.employees_employmentinformation
    ADD CONSTRAINT employees_employmentinformation_pkey PRIMARY KEY (id);


--
-- Name: hr_departments hr_departments_pkey; Type: CONSTRAINT; Schema: public; Owner: postgres
--

ALTER TABLE ONLY public.hr_departments
    ADD CONSTRAINT hr_departments_pkey PRIMARY KEY (id);


--
-- Name: hr_jobpositions hr_jobpositions_pkey; Type: CONSTRAINT; Schema: public; Owner: postgres
--

ALTER TABLE ONLY public.hr_jobpositions
    ADD CONSTRAINT hr_jobpositions_pkey PRIMARY KEY (id);


--
-- Name: hr_status hr_status_pkey; Type: CONSTRAINT; Schema: public; Owner: postgres
--

ALTER TABLE ONLY public.hr_status
    ADD CONSTRAINT hr_status_pkey PRIMARY KEY (id);


--
-- Name: hr_systemconfiguration hr_systemconfiguration_pkey; Type: CONSTRAINT; Schema: public; Owner: postgres
--

ALTER TABLE ONLY public.hr_systemconfiguration
    ADD CONSTRAINT hr_systemconfiguration_pkey PRIMARY KEY (id);


--
-- Name: hr_typeofleaves hr_typeofleaves_pkey; Type: CONSTRAINT; Schema: public; Owner: postgres
--

ALTER TABLE ONLY public.hr_typeofleaves
    ADD CONSTRAINT hr_typeofleaves_pkey PRIMARY KEY (id);


--
-- Name: attendance_attendance_employee_id_63b4db5a; Type: INDEX; Schema: public; Owner: postgres
--

CREATE INDEX attendance_attendance_employee_id_63b4db5a ON public.attendance_attendance USING btree (employee_id);


--
-- Name: attendance_attendance_status_id_ac33d17d; Type: INDEX; Schema: public; Owner: postgres
--

CREATE INDEX attendance_attendance_status_id_ac33d17d ON public.attendance_attendance USING btree (status_id);


--
-- Name: auth_group_name_a6ea08ec_like; Type: INDEX; Schema: public; Owner: postgres
--

CREATE INDEX auth_group_name_a6ea08ec_like ON public.auth_group USING btree (name varchar_pattern_ops);


--
-- Name: auth_group_permissions_group_id_b120cbf9; Type: INDEX; Schema: public; Owner: postgres
--

CREATE INDEX auth_group_permissions_group_id_b120cbf9 ON public.auth_group_permissions USING btree (group_id);


--
-- Name: auth_group_permissions_permission_id_84c5c92e; Type: INDEX; Schema: public; Owner: postgres
--

CREATE INDEX auth_group_permissions_permission_id_84c5c92e ON public.auth_group_permissions USING btree (permission_id);


--
-- Name: auth_permission_content_type_id_2f476e4b; Type: INDEX; Schema: public; Owner: postgres
--

CREATE INDEX auth_permission_content_type_id_2f476e4b ON public.auth_permission USING btree (content_type_id);


--
-- Name: django_admin_log_content_type_id_c4bce8eb; Type: INDEX; Schema: public; Owner: postgres
--

CREATE INDEX django_admin_log_content_type_id_c4bce8eb ON public.django_admin_log USING btree (content_type_id);


--
-- Name: django_admin_log_user_id_c564eba6; Type: INDEX; Schema: public; Owner: postgres
--

CREATE INDEX django_admin_log_user_id_c564eba6 ON public.django_admin_log USING btree (user_id);


--
-- Name: django_session_expire_date_a5c62663; Type: INDEX; Schema: public; Owner: postgres
--

CREATE INDEX django_session_expire_date_a5c62663 ON public.django_session USING btree (expire_date);


--
-- Name: django_session_session_key_c0390e0f_like; Type: INDEX; Schema: public; Owner: postgres
--

CREATE INDEX django_session_session_key_c0390e0f_like ON public.django_session USING btree (session_key varchar_pattern_ops);


--
-- Name: employees_customusers_email_d4361aaa_like; Type: INDEX; Schema: public; Owner: postgres
--

CREATE INDEX employees_customusers_email_d4361aaa_like ON public.employees_customusers USING btree (email varchar_pattern_ops);


--
-- Name: employees_customusers_groups_customusers_id_a673e55e; Type: INDEX; Schema: public; Owner: postgres
--

CREATE INDEX employees_customusers_groups_customusers_id_a673e55e ON public.employees_customusers_groups USING btree (customusers_id);


--
-- Name: employees_customusers_groups_group_id_7588ce49; Type: INDEX; Schema: public; Owner: postgres
--

CREATE INDEX employees_customusers_groups_group_id_7588ce49 ON public.employees_customusers_groups USING btree (group_id);


--
-- Name: employees_customusers_user_permissions_customusers_id_b8b59074; Type: INDEX; Schema: public; Owner: postgres
--

CREATE INDEX employees_customusers_user_permissions_customusers_id_b8b59074 ON public.employees_customusers_user_permissions USING btree (customusers_id);


--
-- Name: employees_customusers_user_permissions_permission_id_cd0c37b2; Type: INDEX; Schema: public; Owner: postgres
--

CREATE INDEX employees_customusers_user_permissions_permission_id_cd0c37b2 ON public.employees_customusers_user_permissions USING btree (permission_id);


--
-- Name: employees_employeeid_company_id_7cd05a1a_like; Type: INDEX; Schema: public; Owner: postgres
--

CREATE INDEX employees_employeeid_company_id_7cd05a1a_like ON public.employees_employeeid USING btree (company_id varchar_pattern_ops);


--
-- Name: employees_employeeleaverequest_status_id_0b9e168c; Type: INDEX; Schema: public; Owner: postgres
--

CREATE INDEX employees_employeeleaverequest_status_id_0b9e168c ON public.employees_employeeleaverequest USING btree (status_id);


--
-- Name: employees_employmentinformation_department_id_1a20931a; Type: INDEX; Schema: public; Owner: postgres
--

CREATE INDEX employees_employmentinformation_department_id_1a20931a ON public.employees_employmentinformation USING btree (department_id);


--
-- Name: employees_employmentinformation_job_title_id_dcc8d1c4; Type: INDEX; Schema: public; Owner: postgres
--

CREATE INDEX employees_employmentinformation_job_title_id_dcc8d1c4 ON public.employees_employmentinformation USING btree (job_title_id);


--
-- Name: employees_employmentinformation_reporting_structure_id_4ebb87c3; Type: INDEX; Schema: public; Owner: postgres
--

CREATE INDEX employees_employmentinformation_reporting_structure_id_4ebb87c3 ON public.employees_employmentinformation USING btree (reporting_structure_id);


--
-- Name: employees_employmentinformation_status_id_4dd1abb9; Type: INDEX; Schema: public; Owner: postgres
--

CREATE INDEX employees_employmentinformation_status_id_4dd1abb9 ON public.employees_employmentinformation USING btree (status_id);


--
-- Name: attendance_attendance attendance_attendanc_employee_id_63b4db5a_fk_employees; Type: FK CONSTRAINT; Schema: public; Owner: postgres
--

ALTER TABLE ONLY public.attendance_attendance
    ADD CONSTRAINT attendance_attendanc_employee_id_63b4db5a_fk_employees FOREIGN KEY (employee_id) REFERENCES public.employees_customusers(id) DEFERRABLE INITIALLY DEFERRED;


--
-- Name: attendance_attendanceviolation attendance_attendanc_employee_id_a7a48f04_fk_employees; Type: FK CONSTRAINT; Schema: public; Owner: postgres
--

ALTER TABLE ONLY public.attendance_attendanceviolation
    ADD CONSTRAINT attendance_attendanc_employee_id_a7a48f04_fk_employees FOREIGN KEY (employee_id) REFERENCES public.employees_customusers(id) DEFERRABLE INITIALLY DEFERRED;


--
-- Name: attendance_attendance attendance_attendance_status_id_ac33d17d_fk_hr_status_id; Type: FK CONSTRAINT; Schema: public; Owner: postgres
--

ALTER TABLE ONLY public.attendance_attendance
    ADD CONSTRAINT attendance_attendance_status_id_ac33d17d_fk_hr_status_id FOREIGN KEY (status_id) REFERENCES public.hr_status(id) DEFERRABLE INITIALLY DEFERRED;


--
-- Name: auth_group_permissions auth_group_permissio_permission_id_84c5c92e_fk_auth_perm; Type: FK CONSTRAINT; Schema: public; Owner: postgres
--

ALTER TABLE ONLY public.auth_group_permissions
    ADD CONSTRAINT auth_group_permissio_permission_id_84c5c92e_fk_auth_perm FOREIGN KEY (permission_id) REFERENCES public.auth_permission(id) DEFERRABLE INITIALLY DEFERRED;


--
-- Name: auth_group_permissions auth_group_permissions_group_id_b120cbf9_fk_auth_group_id; Type: FK CONSTRAINT; Schema: public; Owner: postgres
--

ALTER TABLE ONLY public.auth_group_permissions
    ADD CONSTRAINT auth_group_permissions_group_id_b120cbf9_fk_auth_group_id FOREIGN KEY (group_id) REFERENCES public.auth_group(id) DEFERRABLE INITIALLY DEFERRED;


--
-- Name: auth_permission auth_permission_content_type_id_2f476e4b_fk_django_co; Type: FK CONSTRAINT; Schema: public; Owner: postgres
--

ALTER TABLE ONLY public.auth_permission
    ADD CONSTRAINT auth_permission_content_type_id_2f476e4b_fk_django_co FOREIGN KEY (content_type_id) REFERENCES public.django_content_type(id) DEFERRABLE INITIALLY DEFERRED;


--
-- Name: django_admin_log django_admin_log_content_type_id_c4bce8eb_fk_django_co; Type: FK CONSTRAINT; Schema: public; Owner: postgres
--

ALTER TABLE ONLY public.django_admin_log
    ADD CONSTRAINT django_admin_log_content_type_id_c4bce8eb_fk_django_co FOREIGN KEY (content_type_id) REFERENCES public.django_content_type(id) DEFERRABLE INITIALLY DEFERRED;


--
-- Name: django_admin_log django_admin_log_user_id_c564eba6_fk_employees_customusers_id; Type: FK CONSTRAINT; Schema: public; Owner: postgres
--

ALTER TABLE ONLY public.django_admin_log
    ADD CONSTRAINT django_admin_log_user_id_c564eba6_fk_employees_customusers_id FOREIGN KEY (user_id) REFERENCES public.employees_customusers(id) DEFERRABLE INITIALLY DEFERRED;


--
-- Name: employees_contactinformation employees_contactinf_employee_id_a483f20a_fk_employees; Type: FK CONSTRAINT; Schema: public; Owner: postgres
--

ALTER TABLE ONLY public.employees_contactinformation
    ADD CONSTRAINT employees_contactinf_employee_id_a483f20a_fk_employees FOREIGN KEY (employee_id) REFERENCES public.employees_customusers(id) DEFERRABLE INITIALLY DEFERRED;


--
-- Name: employees_customusers_groups employees_customuser_customusers_id_a673e55e_fk_employees; Type: FK CONSTRAINT; Schema: public; Owner: postgres
--

ALTER TABLE ONLY public.employees_customusers_groups
    ADD CONSTRAINT employees_customuser_customusers_id_a673e55e_fk_employees FOREIGN KEY (customusers_id) REFERENCES public.employees_customusers(id) DEFERRABLE INITIALLY DEFERRED;


--
-- Name: employees_customusers_user_permissions employees_customuser_customusers_id_b8b59074_fk_employees; Type: FK CONSTRAINT; Schema: public; Owner: postgres
--

ALTER TABLE ONLY public.employees_customusers_user_permissions
    ADD CONSTRAINT employees_customuser_customusers_id_b8b59074_fk_employees FOREIGN KEY (customusers_id) REFERENCES public.employees_customusers(id) DEFERRABLE INITIALLY DEFERRED;


--
-- Name: employees_customusers_user_permissions employees_customuser_permission_id_cd0c37b2_fk_auth_perm; Type: FK CONSTRAINT; Schema: public; Owner: postgres
--

ALTER TABLE ONLY public.employees_customusers_user_permissions
    ADD CONSTRAINT employees_customuser_permission_id_cd0c37b2_fk_auth_perm FOREIGN KEY (permission_id) REFERENCES public.auth_permission(id) DEFERRABLE INITIALLY DEFERRED;


--
-- Name: employees_customusers_groups employees_customusers_groups_group_id_7588ce49_fk_auth_group_id; Type: FK CONSTRAINT; Schema: public; Owner: postgres
--

ALTER TABLE ONLY public.employees_customusers_groups
    ADD CONSTRAINT employees_customusers_groups_group_id_7588ce49_fk_auth_group_id FOREIGN KEY (group_id) REFERENCES public.auth_group(id) DEFERRABLE INITIALLY DEFERRED;


--
-- Name: employees_educationalinformation employees_educationa_employee_id_79667a20_fk_employees; Type: FK CONSTRAINT; Schema: public; Owner: postgres
--

ALTER TABLE ONLY public.employees_educationalinformation
    ADD CONSTRAINT employees_educationa_employee_id_79667a20_fk_employees FOREIGN KEY (employee_id) REFERENCES public.employees_customusers(id) DEFERRABLE INITIALLY DEFERRED;


--
-- Name: employees_employeeid employees_employeeid_employees_id_9582361d_fk_employees; Type: FK CONSTRAINT; Schema: public; Owner: postgres
--

ALTER TABLE ONLY public.employees_employeeid
    ADD CONSTRAINT employees_employeeid_employees_id_9582361d_fk_employees FOREIGN KEY (employees_id) REFERENCES public.employees_customusers(id) DEFERRABLE INITIALLY DEFERRED;


--
-- Name: employees_employeeleaverequest employees_employeele_employees_id_0d593bd2_fk_employees; Type: FK CONSTRAINT; Schema: public; Owner: postgres
--

ALTER TABLE ONLY public.employees_employeeleaverequest
    ADD CONSTRAINT employees_employeele_employees_id_0d593bd2_fk_employees FOREIGN KEY (employees_id) REFERENCES public.employees_customusers(id) DEFERRABLE INITIALLY DEFERRED;


--
-- Name: employees_employeeleaverequest employees_employeele_status_id_0b9e168c_fk_hr_status; Type: FK CONSTRAINT; Schema: public; Owner: postgres
--

ALTER TABLE ONLY public.employees_employeeleaverequest
    ADD CONSTRAINT employees_employeele_status_id_0b9e168c_fk_hr_status FOREIGN KEY (status_id) REFERENCES public.hr_status(id) DEFERRABLE INITIALLY DEFERRED;


--
-- Name: employees_employmentinformation employees_employment_department_id_1a20931a_fk_hr_depart; Type: FK CONSTRAINT; Schema: public; Owner: postgres
--

ALTER TABLE ONLY public.employees_employmentinformation
    ADD CONSTRAINT employees_employment_department_id_1a20931a_fk_hr_depart FOREIGN KEY (department_id) REFERENCES public.hr_departments(id) DEFERRABLE INITIALLY DEFERRED;


--
-- Name: employees_employmentinformation employees_employment_employee_id_83c20ca9_fk_employees; Type: FK CONSTRAINT; Schema: public; Owner: postgres
--

ALTER TABLE ONLY public.employees_employmentinformation
    ADD CONSTRAINT employees_employment_employee_id_83c20ca9_fk_employees FOREIGN KEY (employee_id) REFERENCES public.employees_customusers(id) DEFERRABLE INITIALLY DEFERRED;


--
-- Name: employees_employmentinformation employees_employment_job_title_id_dcc8d1c4_fk_hr_jobpos; Type: FK CONSTRAINT; Schema: public; Owner: postgres
--

ALTER TABLE ONLY public.employees_employmentinformation
    ADD CONSTRAINT employees_employment_job_title_id_dcc8d1c4_fk_hr_jobpos FOREIGN KEY (job_title_id) REFERENCES public.hr_jobpositions(id) DEFERRABLE INITIALLY DEFERRED;


--
-- Name: employees_employmentinformation employees_employment_reporting_structure__4ebb87c3_fk_employees; Type: FK CONSTRAINT; Schema: public; Owner: postgres
--

ALTER TABLE ONLY public.employees_employmentinformation
    ADD CONSTRAINT employees_employment_reporting_structure__4ebb87c3_fk_employees FOREIGN KEY (reporting_structure_id) REFERENCES public.employees_customusers(id) DEFERRABLE INITIALLY DEFERRED;


--
-- Name: employees_employmentinformation employees_employment_status_id_4dd1abb9_fk_hr_status; Type: FK CONSTRAINT; Schema: public; Owner: postgres
--

ALTER TABLE ONLY public.employees_employmentinformation
    ADD CONSTRAINT employees_employment_status_id_4dd1abb9_fk_hr_status FOREIGN KEY (status_id) REFERENCES public.hr_status(id) DEFERRABLE INITIALLY DEFERRED;


--
-- PostgreSQL database dump complete
--

